[
    {
        "stars": 5,
        "text": "",
        "product_id": "TEST001",
        "ground_truth": 1.0,
        "scenario": "Bot (Empty 5-star)"
    },
    {
        "stars": 5,
        "text": "Great!",
        "product_id": "TEST001",
        "ground_truth": 1.5,
        "scenario": "Bot (Generic 5-star)"
    },
    {
        "stars": 5,
        "text": "Amazing product, fast shipping, highly recommend!!!",
        "product_id": "TEST001",
        "ground_truth": 2.5,
        "scenario": "Spam template"
    },
    {
        "stars": 5,
        "text": "Oh great, another phone that broke after 2 days. Thanks for nothing.",
        "product_id": "TEST001",
        "ground_truth": 1.0,
        "scenario": "Sarcastic 5-star (negative experience)"
    },
    {
        "stars": 1,
        "text": "Absolutely terrible. The screen cracked on day one, battery dies in 2 hours.",
        "product_id": "TEST001",
        "ground_truth": 1.0,
        "scenario": "Genuine 1-star (detailed)"
    },
    {
        "stars": 5,
        "text": "This phone exceeded my expectations. The camera quality is stunning, battery lasts all day, and the build quality feels premium. Minor issue: the charger cable is too short.",
        "product_id": "TEST001",
        "ground_truth": 4.7,
        "scenario": "Genuine 5-star (detailed with minor complaint)"
    },
    {
        "stars": 3,
        "text": "It's okay. Works as expected but nothing special. Battery life is average.",
        "product_id": "TEST002",
        "ground_truth": 3.0,
        "scenario": "Genuine 3-star (neutral)"
    },
    {
        "stars": 4,
        "text": "Good product overall. The quality is decent for the price. However, the packaging was damaged when it arrived.",
        "product_id": "TEST002",
        "ground_truth": 3.5,
        "scenario": "Genuine 4-star (mixed)"
    },
    {
        "stars": 5,
        "text": "Haven't opened it yet but giving 5 stars!",
        "product_id": "TEST002",
        "ground_truth": 2.0,
        "scenario": "Not yet used"
    },
    {
        "stars": 2,
        "text": "I really wanted to love this product. The design is beautiful and the features looked promising. Unfortunately, it stopped working after a week. Customer service was unhelpful.",
        "product_id": "TEST002",
        "ground_truth": 1.5,
        "scenario": "Genuine 2-star (detailed disappointment)"
    },
    {
        "stars": 4,
        "text": "Nice",
        "product_id": "TEST003",
        "ground_truth": 2.5,
        "scenario": "Low-effort 4-star"
    },
    {
        "stars": 5,
        "text": "Best purchase ever! This product changed my life. I use it every day and it never disappoints. The quality is exceptional, the customer service was amazing when I had questions, and the price was unbeatable.",
        "product_id": "TEST003",
        "ground_truth": 4.8,
        "scenario": "Genuine enthusiastic 5-star"
    }
]